churn_risk,users,avg_ltv,total_revenue
High Risk,118,342.00847457627117,160272.0
Low Risk,82,342.1910569105691,97602.0
